tick,controller.r_roll,controller.r_pitch,controller.r_yaw,controller.cmd_thrust,controller.cmd_roll,controller.cmd_pitch,controller.cmd_yaw,controller.accelz
14812,,,,,,,,0.982298493385315
14813,,,,,,,,0.982298493385315
14815,,,,,,,,0.981663823127747
14817,,,,,,,,0.980691134929657
14819,,,,,,,,0.979975461959839
14821,,,,,,,,0.97942453622818
14823,,,,,,,,0.978772699832916
14825,,,,,,,,0.978179574012756
14827,,,,,,,,0.977831959724426
14829,,,,,,,,0.97815203666687
14831,,,,,,,,0.978923797607422
14833,,,,,,,,0.979607045650482
14835,,,,,,,,0.980374276638031
14837,,,,,,,,0.981199026107788
14839,,,,,,,,0.981258034706116
14841,,,,,,,,0.980696499347687
14843,,,,,,,,0.980475664138794
14845,,,,,,,,0.980354070663452
14847,,,,,,,,0.980152547359467
14849,,,,,,,,0.980052053928375
14851,,,,,,,,0.980160713195801
14853,,,,,,,,0.980284810066223
14855,,,,,,,,0.980349540710449
14857,,,,,,,,0.980289876461029
14859,,,,,,,,0.980160295963287
14861,,,,,,,,0.980416834354401
14863,,,,,,,,0.98096776008606
14865,,,,,,,,0.981416583061218
14867,,,,,,,,0.981521368026733
14869,,,,,,,,0.981583535671234
14871,,,,,,,,0.98173600435257
14873,,,,,,,,0.981506764888763
14875,,,,,,,,0.980708241462708
14877,,,,,,,,0.979913711547852
14879,,,,,,,,0.979108691215515
14881,,,,,,,,0.978003144264221
14883,,,,,,,,0.976809978485107
14885,,,,,,,,0.975888848304749
14887,,,,,,,,0.975805699825287
14889,,,,,,,,0.976509809494019
14891,,,,,,,,0.977487862110138
14893,,,,,,,,0.97845870256424
14895,,,,,,,,0.978988230228424
14897,,,,,,,,0.978794932365418
14899,,,,,,,,0.978521883487701
14901,,,,,,,,0.978603422641754
14903,,,,,,,,0.978989183902741
14905,,,,,,,,0.979548513889313
14907,,,,,,,,0.979963064193726
14909,,,,,,,,0.980057716369629
14911,,,,,,,,0.979982554912567
14913,,,,,,,,0.979736149311066
14915,,,,,,,,0.979464471340179
14917,,,,,,,,0.979292452335358
14919,,,,,,,,0.979369401931763
14921,,,,,,,,0.979692697525024
14923,,,,,,,,0.980143010616303
14925,,,,,,,,0.980415523052216
14927,,,,,,,,0.980448722839356
14929,,,,,,,,0.979949295520783
14931,,,,,,,,0.979174911975861
14933,,,,,,,,0.978637218475342
14935,,,,,,,,0.978765428066254
14937,,,,,,,,0.979602813720703
14939,,,,,,,,0.980478644371033
14941,,,,,,,,0.980856895446777
14943,,,,,,,,0.980726420879364
14945,,,,,,,,0.980451285839081
14947,,,,,,,,0.9804447889328
14949,,,,,,,,0.980844676494598
14951,,,,,,,,0.981379926204681
14953,,,,,,,,0.981758534908295
14955,,,,,,,,0.981716156005859
14957,,,,,,,,0.981289029121399
14959,,,,,,,,0.980858385562897
14961,,,,,,,,0.980770766735077
14963,,,,,,,,0.980677723884583
14965,,,,,,,,0.980452120304108
14967,,,,,,,,0.980328738689423
14969,,,,,,,,0.980161249637604
14971,,,,,,,,0.979858100414276
14973,,,,,,,,0.979756832122803
14975,,,,,,,,0.979633390903473
14977,,,,,,,,0.979315519332886
14979,,,,,,,,0.9787837266922
14981,,,,,,,,0.978523790836334
14983,,,,,,,,0.978405117988586
14985,,,,,,,,0.978366911411285
14987,,,,,,,,0.97871607542038
14989,,,,,,,,0.979432642459869
14995,,,,,,,,0.981057405471802
14995,,,,,,,,0.981057405471802
14995,,,,,,,,0.981057405471802
14997,,,,,,,,0.980615258216858
14999,,,,,,,,0.980071663856506
15001,,,,,,,,0.97992742061615
15003,,,,,,,,0.979882538318634
15005,,,,,,,,0.980090379714966
15007,,,,,,,,0.980701684951782
15009,,,,,,,,0.981557965278626
15011,,,,,,,,0.982788681983948
15013,,,,,,,,0.984416007995606
15015,,,,,,,,0.985980927944183
15017,,,,,,,,0.986976563930512
15019,,,,,,,,0.987182199954987
15021,,,,,,,,0.986795723438263
15023,,,,,,,,0.986617982387543
15025,,,,,,,,0.986530005931854
15027,,,,,,,,0.986025035381317
15029,,,,,,,,0.985224306583405
15031,,,,,,,,0.984319388866425
15033,,,,,,,,0.98337733745575
15035,,,,,,,,0.98294723033905
15037,,,,,,,,0.982980072498322
15039,,,,,,,,0.983118236064911
15041,,,,,,,,0.98326849937439
15043,,,,,,,,0.983355939388275
15045,,,,,,,,0.983630895614624
15047,,,,,,,,0.984130203723908
15049,,,,,,,,0.984589159488678
15051,,,,,,,,0.985041081905365
15053,,,,,,,,0.98572963476181
15055,,,,,,,,0.986443996429443
15057,,,,,,,,0.986876606941223
15059,,,,,,,,0.9869105219841
15061,,,,,,,,0.986871302127838
15063,,,,,,,,0.986952424049377
15065,,,,,,,,0.986971914768219
15067,,,,,,,,0.986799240112305
15069,,,,,,,,0.986498951911926
15071,,,,,,,,0.986224472522736
15073,,,,,,,,0.985871911048889
15075,,,,,,,,0.985690832138062
15077,,,,,,,,0.98572450876236
15079,,,,,,,,0.985781669616699
15081,,,,,,,,0.985606014728546
15083,,,,,,,,0.9852574467659
15085,,,,,,,,0.984840214252472
15087,,,,,,,,0.984680771827698
15089,,,,,,,,0.984778821468353
15091,,,,,,,,0.984820425510407
15093,,,,,,,,0.98482072353363
15095,,,,,,,,0.985160410404205
15097,,,,,,,,0.986000537872314
15099,,,,,,,,0.98674350976944
15101,,,,,,,,0.986924052238464
15103,,,,,,,,0.986871480941772
15105,,,,,,,,0.986568093299866
15107,,,,,,,,0.985972046852112
15109,,,,,,,,0.985379755496979
15111,,,,,,,,0.984581053256989
15113,,,,,,,,0.984248042106628
15115,,,,,,,,0.984695851802826
15117,,,,,,,,0.98543393611908
15119,,,,,,,,0.986373007297516
15121,,,,,,,,0.987045228481293
15123,,,,,,,,0.987423896789551
15125,,,,,,,,0.987533450126648
15127,,,,,,,,0.986941277980804
15129,,,,,,,,0.986194014549255
15131,,,,,,,,0.985759198665619
15133,,,,,,,,0.985827326774597
15135,,,,,,,,0.986593365669251
15137,,,,,,,,0.987506866455078
15139,,,,,,,,0.988062381744385
15141,,,,,,,,0.988163828849793
15143,,,,,,,,0.987738907337189
15145,,,,,,,,0.987098157405853
15147,,,,,,,,0.986407339572907
15149,,,,,,,,0.985584259033203
15151,,,,,,,,0.984871029853821
15153,,,,,,,,0.984277725219727
15155,,,,,,,,0.983683228492737
15157,,,,,,,,0.98291140794754
15159,,,,,,,,0.982318878173828
15161,,,,,,,,0.982134521007538
15163,,,,,,,,0.982142865657806
15165,,,,,,,,0.982244253158569
15167,,,,,,,,0.982432305812836
15169,,,,,,,,0.98271244764328
15171,,,,,,,,0.983187139034271
15173,,,,,,,,0.983423113822937
15175,,,,,,,,0.98335063457489
15177,,,,,,,,0.983639597892761
15179,,,,,,,,0.984369397163391
15181,,,,,,,,0.98528116941452
15183,,,,,,,,0.985863566398621
15185,,,,,,,,0.986193478107452
15187,,,,,,,,0.986418783664703
15189,,,,,,,,0.986147522926331
15191,,,,,,,,0.985536634922028
15193,,,,,,,,0.985139787197113
15195,,,,,,,,0.985046625137329
15197,,,,,,,,0.984950959682465
15199,,,,,,,,0.984886825084686
15201,,,,,,,,0.984925985336304
15203,,,,,,,,0.985093414783478
15205,,,,,,,,0.985569059848785
15207,,,,,,,,0.986306369304657
15209,,,,,,,,0.987065374851227
15211,,,,,,,,0.987340211868286
15213,,,,,,,,0.986954510211945
15215,,,,,,,,0.986584424972534
15217,,,,,,,,0.986755549907684
15219,,,,,,,,0.98717212677002
15221,,,,,,,,0.98709362745285
15223,,,,,,,,0.986604630947113
15225,,,,,,,,0.986014604568481
15227,,,,,,,,0.985434532165527
15229,,,,,,,,0.984962582588196
15231,,,,,,,,0.984763860702515
15233,,,,,,,,0.984795212745667
15235,,,,,,,,0.984871983528137
15237,,,,,,,,0.984827399253845
15239,,,,,,,,0.984669804573059
15241,,,,,,,,0.984390199184418
15243,,,,,,,,0.983924150466919
15245,,,,,,,,0.983815610408783
15247,,,,,,,,0.98404848575592
15249,,,,,,,,0.984409928321838
15251,,,,,,,,0.984877705574036
15253,,,,,,,,0.985343933105469
15255,,,,,,,,0.98575496673584
15257,,,,,,,,0.985962390899658
15259,,,,,,,,0.985798835754395
15261,,,,,,,,0.985651612281799
15263,,,,,,,,0.985845685005188
15265,,,,,,,,0.986067473888397
15267,,,,,,,,0.985928535461426
15269,,,,,,,,0.985808849334717
15271,,,,,,,,0.985935986042023
15273,,,,,,,,0.985822558403015
15275,,,,,,,,0.985423743724823
15277,,,,,,,,0.985043108463287
15279,,,,,,,,0.985101580619812
15281,,,,,,,,0.985631287097931
15283,,,,,,,,0.986409664154053
15285,,,,,,,,0.98738956451416
15287,,,,,,,,0.988257467746735
15289,,,,,,,,0.988603293895721
15291,,,,,,,,0.988549292087555
15293,,,,,,,,0.98805582523346
15295,,,,,,,,0.987259924411774
15297,,,,,,,,0.986810326576233
15299,,,,,,,,0.987005412578583
15301,,,,,,,,0.987378716468811
15303,,,,,,,,0.987168967723846
15305,,,,,,,,0.986317217350006
15307,,,,,,,,0.985338389873505
15309,,,,,,,,0.984221875667572
15311,,,,,,,,0.983242094516754
15313,,,,,,,,0.982585728168488
15315,,,,,,,,0.982657492160797
15317,,,,,,,,0.983033001422882
15319,,,,,,,,0.983219921588898
15321,,,,,,,,0.983509004116058
15323,,,,,,,,0.984073102474213
15325,,,,,,,,0.985002756118774
15327,,,,,,,,0.986044883728027
15329,,,,,,,,0.986659109592438
15331,,,,,,,,0.986701190471649
15333,,,,,,,,0.986505627632141
15335,,,,,,,,0.986342132091522
15337,,,,,,,,0.986270189285278
15339,,,,,,,,0.986270010471344
15341,,,,,,,,0.986287534236908
15343,,,,,,,,0.985970318317413
15345,,,,,,,,0.985577583312988
15347,,,,,,,,0.985540211200714
15349,,,,,,,,0.985620558261871
15351,,,,,,,,0.985664188861847
15353,,,,,,,,0.985532224178314
15355,,,,,,,,0.984990656375885
15357,,,,,,,,0.984182775020599
15359,,,,,,,,0.983535051345825
15361,,,,,,,,0.983468353748322
15363,,,,,,,,0.983798503875732
15365,,,,,,,,0.984096765518189
15367,,,,,,,,0.984160244464874
15369,,,,,,,,0.984217941761017
15371,,,,,,,,0.984585702419281
15374,,,,,,,,0.985394537448883
15375,,,,,,,,0.985394537448883
15377,,,,,,,,0.98551332950592
15379,,,,,,,,0.985536396503449
15381,,,,,,,,0.985505342483521
15383,,,,,,,,0.985490500926971
15385,,,,,,,,0.985458076000214
15387,,,,,,,,0.985566556453705
15389,,,,,,,,0.98541933298111
15391,,,,,,,,0.984760403633118
15393,,,,,,,,0.984188377857208
15395,,,,,,,,0.984173536300659
15397,,,,,,,,0.984455645084381
15399,,,,,,,,0.984524190425873
15401,,,,,,,,0.984506607055664
15403,,,,,,,,0.984424889087677
15405,,,,,,,,0.984407544136047
15407,,,,,,,,0.984654426574707
15409,,,,,,,,0.984880745410919
15411,,,,,,,,0.984917044639587
15413,,,,,,,,0.98512601852417
15415,,,,,,,,0.985328733921051
15417,,,,,,,,0.98534232378006
15419,,,,,,,,0.985115706920624
15421,,,,,,,,0.985033512115479
15423,,,,,,,,0.985434174537659
15425,,,,,,,,0.985776543617249
15427,,,,,,,,0.985689699649811
15429,,,,,,,,0.985218942165375
15431,,,,,,,,0.984838247299194
15433,,,,,,,,0.984938204288483
15435,,,,,,,,0.985279977321625
15437,,,,,,,,0.985665500164032
15439,,,,,,,,0.986176609992981
15441,,,,,,,,0.986724853515625
15443,,,,,,,,0.987254559993744
15445,,,,,,,,0.987717211246491
15447,,,,,,,,0.987790822982788
15449,,,,,,,,0.987470746040344
15451,,,,,,,,0.987089455127716
15453,,,,,,,,0.986882388591766
15455,,,,,,,,0.986729085445404
15457,,,,,,,,0.986804366111755
15459,,,,,,,,0.987117052078247
15461,,,,,,,,0.98736971616745
15463,,,,,,,,0.987387835979462
15465,,,,,,,,0.987295031547546
15467,,,,,,,,0.987115740776062
15469,,,,,,,,0.986982882022858
15471,,,,,,,,0.986665308475494
15473,,,,,,,,0.986107766628265
15475,,,,,,,,0.985567808151245
15477,,,,,,,,0.985263049602509
15479,,,,,,,,0.985369682312012
15481,,,,,,,,0.98579615354538
15483,,,,,,,,0.986267387866974
15485,,,,,,,,0.986664056777954
15487,,,,,,,,0.986986219882965
15489,,,,,,,,0.987136483192444
15491,,,,,,,,0.987025201320648
15493,,,,,,,,0.986694753170013
15495,,,,,,,,0.986188590526581
15497,,,,,,,,0.985673129558563
15499,,,,,,,,0.985630810260773
15501,,,,,,,,0.985931515693665
15503,,,,,,,,0.986180484294891
15505,,,,,,,,0.986338019371033
15507,,,,,,,,0.986487984657288
15509,,,,,,,,0.986809492111206
15511,,,,,,,,0.987085461616516
15513,,,,,,,,0.987095355987549
15515,,,,,,,,0.987022161483765
15517,,,,,,,,0.98708975315094
15519,,,,,,,,0.987357974052429
15521,,,,,,,,0.987612962722778
15523,,,,,,,,0.987610518932343
15525,,,,,,,,0.987157940864563
15527,,,,,,,,0.986439645290375
15529,,,,,,,,0.985681474208832
15531,,,,,,,,0.98488974571228
15533,,,,,,,,0.984257817268372
15535,,,,,,,,0.984092652797699
15537,,,,,,,,0.984451413154602
15539,,,,,,,,0.985087633132935
15541,,,,,,,,0.985447943210602
15543,,,,,,,,0.985201954841614
15545,,,,,,,,0.984661936759949
15547,,,,,,,,0.984400928020477
15549,,,,,,,,0.984283268451691
15551,,,,,,,,0.983981728553772
15553,,,,,,,,0.983633518218994
15555,,,,,,,,0.983412444591522
15557,,,,,,,,0.983430087566376
15559,,,,,,,,0.983495771884918
15561,,,,,,,,0.983563125133514
15563,,,,,,,,0.983803749084473
15565,,,,,,,,0.98423957824707
15568,,,,,,,,0.984102964401245
15569,,,,,,,,0.984102964401245
15571,,,,,,,,0.98393976688385
15573,,,,,,,,0.984091818332672
15575,,,,,,,,0.984663784503937
15577,,,,,,,,0.985264182090759
15579,,,,,,,,0.985349059104919
15581,,,,,,,,0.985093772411346
15583,,,,,,,,0.984912633895874
15585,,,,,,,,0.984969258308411
15587,,,,,,,,0.985434174537659
15589,,,,,,,,0.986117005348206
15591,,,,,,,,0.986674785614014
15593,,,,,,,,0.987119078636169
15595,,,,,,,,0.987884700298309
15597,,,,,,,,0.98871260881424
15599,,,,,,,,0.989078938961029
15601,,,,,,,,0.988981068134308
15603,,,,,,,,0.988322675228119
15605,,,,,,,,0.987392008304596
15607,,,,,,,,0.986751198768616
15609,,,,,,,,0.98608922958374
15611,,,,,,,,0.985564649105072
15613,,,,,,,,0.985529601573944
15615,,,,,,,,0.98565149307251
15617,,,,,,,,0.985430777072907
15619,,,,,,,,0.984892308712006
15621,,,,,,,,0.984856367111206
15623,,,,,,,,0.98513925075531
15625,,,,,,,,0.985245764255524
15627,,,,,,,,0.985283374786377
15629,,,,,,,,0.985488176345825
15631,,,,,,,,0.985813677310944
15633,,,,,,,,0.986023783683777
15635,,,,,,,,0.986079394817352
15637,,,,,,,,0.986101388931274
15639,,,,,,,,0.986194491386414
15641,,,,,,,,0.986199080944061
15643,,,,,,,,0.985955357551575
15645,,,,,,,,0.98560506105423
15647,,,,,,,,0.985245048999786
15649,,,,,,,,0.985204517841339
15651,,,,,,,,0.985605359077454
15653,,,,,,,,0.985824286937714
15655,,,,,,,,0.985230326652527
15657,,,,,,,,0.984273552894592
15659,,,,,,,,0.983617782592773
15661,,,,,,,,0.9836665391922
15663,,,,,,,,0.98408043384552
15665,,,,,,,,0.984264671802521
15667,,,,,,,,0.983820497989655
15669,,,,,,,,0.98307192325592
15671,,,,,,,,0.982630670070648
15673,,,,,,,,0.982686579227448
15675,,,,,,,,0.9830042719841
15677,,,,,,,,0.983239650726318
15679,,,,,,,,0.983098447322845
15681,,,,,,,,0.98264616727829
15683,,,,,,,,0.98211669921875
15685,,,,,,,,0.981739640235901
15687,,,,,,,,0.981957077980042
15689,,,,,,,,0.98272430896759
15691,,,,,,,,0.983875036239624
15693,,,,,,,,0.985587537288666
15695,,,,,,,,0.987484395503998
15697,,,,,,,,0.988498628139496
15699,,,,,,,,0.988913774490356
15701,,,,,,,,0.989270865917206
15703,,,,,,,,0.989292621612549
15705,,,,,,,,0.989082455635071
15707,,,,,,,,0.98894613981247
15709,,,,,,,,0.988811373710632
15711,,,,,,,,0.988479375839233
15713,,,,,,,,0.98788046836853
15715,,,,,,,,0.987207353115082
15717,,,,,,,,0.986590325832367
15719,,,,,,,,0.985977709293366
15721,,,,,,,,0.985259175300598
15723,,,,,,,,0.984790682792664
15725,,,,,,,,0.984580397605896
15727,,,,,,,,0.984694957733154
15729,,,,,,,,0.985364437103272
15731,,,,,,,,0.986492812633514
15733,,,,,,,,0.987658202648163
15735,,,,,,,,0.988299489021301
15737,,,,,,,,0.987863600254059
15739,,,,,,,,0.986681699752808
15741,,,,,,,,0.985484540462494
15743,,,,,,,,0.984506964683533
15745,,,,,,,,0.984154403209686
15747,,,,,,,,0.984477162361145
15749,,,,,,,,0.984732151031494
15751,,,,,,,,0.984971821308136
15753,,,,,,,,0.985579431056976
15755,,,,,,,,0.985982894897461
15757,,,,,,,,0.985913276672363
15759,,,,,,,,0.985787153244019
15761,,,,,,,,0.985944151878357
15763,,,,,,,,0.986189365386963
15765,,,,,,,,0.986140131950378
15767,,,,,,,,0.985877871513367
15769,,,,,,,,0.985887169837952
15771,,,,,,,,0.985948622226715
15773,,,,,,,,0.985886335372925
15775,,,,,,,,0.985950529575348
15777,,,,,,,,0.986013829708099
15779,,,,,,,,0.985503435134888
15781,,,,,,,,0.984570801258087
15783,,,,,,,,0.983431339263916
15785,,,,,,,,0.982416331768036
15787,,,,,,,,0.982053458690643
15789,,,,,,,,0.982119858264923
15791,,,,,,,,0.982572615146637
15793,,,,,,,,0.983389914035797
15795,,,,,,,,0.984210073947907
15797,,,,,,,,0.984845399856567
15799,,,,,,,,0.985292375087738
15801,,,,,,,,0.98547375202179
15803,,,,,,,,0.985683977603912
15805,,,,,,,,0.985885262489319
15807,,,,,,,,0.985732555389404
15809,,,,,,,,0.985442519187927
15811,,,,,,,,0.985365450382233
15813,,,,,,,,0.985419869422913
15815,,,,,,,,0.98551207780838
15817,,,,,,,,0.985746920108795
15819,,,,,,,,0.986216723918915
15821,,,,,,,,0.986620128154755
15823,,,,,,,,0.986725509166718
15825,,,,,,,,0.986319601535797
15827,,,,,,,,0.985659539699554
15829,,,,,,,,0.984995305538178
15831,,,,,,,,0.984490096569061
15833,,,,,,,,0.984200239181519
15835,,,,,,,,0.984095692634583
15837,,,,,,,,0.984336972236633
15839,,,,,,,,0.984853208065033
15841,,,,,,,,0.985122501850128
15843,,,,,,,,0.98474508523941
15845,,,,,,,,0.984101295471191
15847,,,,,,,,0.983770251274109
15849,,,,,,,,0.983572602272034
15851,,,,,,,,0.983726501464844
15853,,,,,,,,0.984232544898987
15855,,,,,,,,0.984196126461029
15857,,,,,,,,0.983674585819244
15859,,,,,,,,0.983267724514008
15861,,,,,,,,0.983299851417542
15863,,,,,,,,0.983572602272034
15865,,,,,,,,0.983960449695587
15867,,,,,,,,0.984520077705383
15869,,,,,,,,0.985009133815765
15871,,,,,,,,0.985521852970123
15873,,,,,,,,0.986135244369507
15875,,,,,,,,0.986810982227325
15877,,,,,,,,0.987252950668335
15879,,,,,,,,0.987515509128571
15881,,,,,,,,0.987762212753296
15883,,,,,,,,0.987964332103729
15885,,,,,,,,0.988001763820648
15887,,,,,,,,0.987798631191254
15889,,,,,,,,0.98757815361023
15891,,,,,,,,0.987439632415772
15893,,,,,,,,0.987236678600311
15895,,,,,,,,0.986934423446655
15897,,,,,,,,0.986601054668427
15899,,,,,,,,0.986489653587341
15901,,,,,,,,0.986615121364594
15903,,,,,,,,0.986842691898346
15905,,,,,,,,0.987032175064087
15907,,,,,,,,0.98725700378418
15909,,,,,,,,0.987527370452881
15911,,,,,,,,0.987855017185211
15913,,,,,,,,0.988119006156921
15915,,,,,,,,0.987654805183411
15917,,,,,,,,0.986587226390839
15919,,,,,,,,0.985500812530518
15921,,,,,,,,0.984353959560394
15923,,,,,,,,0.983409404754639
15925,,,,,,,,0.983173370361328
15927,,,,,,,,0.98337596654892
15929,,,,,,,,0.983496189117432
15931,,,,,,,,0.983673989772797
15933,,,,,,,,0.984058201313019
15935,,,,,,,,0.983993530273438
15937,,,,,,,,0.983868300914764
15939,,,,,,,,0.984252572059631
15941,,,,,,,,0.984737634658814
15943,,,,,,,,0.985004782676697
15945,,,,,,,,0.984958231449127
15948,,,,,,,,0.985137283802033
15949,,,,,,,,0.985137283802033
15951,,,,,,,,0.985576272010803
15953,,,,,,,,0.985867381095886
15955,,,,,,,,0.986143887042999
15957,,,,,,,,0.98642110824585
15959,,,,,,,,0.986451625823975
15961,,,,,,,,0.986244022846222
15963,,,,,,,,0.985834658145905
15965,,,,,,,,0.985474944114685
15967,,,,,,,,0.985337853431702
15969,,,,,,,,0.985380053520203
15971,,,,,,,,0.985476613044739
15973,,,,,,,,0.985676407814026
15975,,,,,,,,0.985582053661346
15977,,,,,,,,0.985438704490662
15979,,,,,,,,0.98563826084137
15981,,,,,,,,0.98563826084137
15983,,,,,,,,0.985317170619965
15985,,,,,,,,0.985017597675324
15987,,,,,,,,0.985009253025055
15989,,,,,,,,0.984964907169342
15991,,,,,,,,0.984650611877441
15993,,,,,,,,0.984372317790985
15995,,,,,,,,0.984452545642853
15997,,,,,,,,0.984848558902741
15999,,,,,,,,0.984950125217438
16001,,,,,,,,0.984873116016388
16003,,,,,,,,0.984837174415588
16005,,,,,,,,0.984820544719696
16007,,,,,,,,0.984810173511505
16009,,,,,,,,0.984990656375885
16011,,,,,,,,0.985578894615173
16013,,,,,,,,0.986100077629089
16015,,,,,,,,0.98628842830658
16017,,,,,,,,0.986257255077362
16019,,,,,,,,0.986422479152679
16021,,,,,,,,0.986713588237762
16023,,,,,,,,0.986951470375061
16025,,,,,,,,0.987081825733185
16027,,,,,,,,0.98717874288559
16029,,,,,,,,0.986927330493927
16031,,,,,,,,0.986488521099091
16033,,,,,,,,0.986041843891144
16035,,,,,,,,0.985490143299103
16037,,,,,,,,0.985150337219238
16039,,,,,,,,0.985226273536682
16041,,,,,,,,0.985407531261444
16043,,,,,,,,0.985325753688812
16045,,,,,,,,0.984986841678619
16047,,,,,,,,0.984718084335327
16049,,,,,,,,0.984447419643402
16051,,,,,,,,0.983931720256805
16053,,,,,,,,0.983472943305969
16055,,,,,,,,0.982920825481415
16057,,,,,,,,0.982156276702881
16059,,,,,,,,0.981667935848236
16061,,,,,,,,0.981901705265045
16063,,,,,,,,0.983011901378632
16065,,,,,,,,0.984141528606415
16067,,,,,,,,0.984599530696869
16069,,,,,,,,0.984422445297241
16071,,,,,,,,0.984181523323059
16073,,,,,,,,0.984451115131378
16075,,,,,,,,0.984844028949738
16077,,,,,,,,0.98510879278183
16079,,,,,,,,0.985247731208801
16081,,,,,,,,0.985640406608582
16083,,,,,,,,0.986297011375427
16085,,,,,,,,0.986528337001801
16087,,,,,,,,0.986418306827545
16089,,,,,,,,0.986387431621552
16091,,,,,,,,0.986267924308777
16093,,,,,,,,0.985859036445618
16095,,,,,,,,0.98573637008667
16097,,,,,,,,0.985947668552399
16099,,,,,,,,0.985860943794251
16101,,,,,,,,0.98538863658905
16103,,,,,,,,0.985311567783356
16105,,,,,,,,0.98574310541153
16107,,,,,,,,0.986350953578949
16109,,,,,,,,0.98650473356247
16111,,,,,,,,0.986060261726379
16113,,,,,,,,0.985711932182312
16115,,,,,,,,0.985543191432953
16117,,,,,,,,0.985144853591919
16119,,,,,,,,0.98444265127182
16121,,,,,,,,0.98444265127182
16123,,,,,,,,0.984007775783539
16125,,,,,,,,0.983226478099823
16127,,,,,,,,0.982316493988037
16129,,,,,,,,0.981698155403137
16135,,,,,,,,0.983008563518524
16135,,,,,,,,0.983008563518524
16135,,,,,,,,0.983008563518524
16137,,,,,,,,0.984274029731751
16139,,,,,,,,0.985867381095886
16141,,,,,,,,0.987056851387024
16143,,,,,,,,0.98744934797287
16145,,,,,,,,0.987410664558411
16147,,,,,,,,0.987050473690033
16149,,,,,,,,0.986702919006348
16151,,,,,,,,0.986644327640533
16153,,,,,,,,0.986679375171661
16155,,,,,,,,0.986592352390289
16157,,,,,,,,0.986612200737
16159,,,,,,,,0.9865802526474
16161,,,,,,,,0.986404061317444
16163,,,,,,,,0.986416697502136
16165,,,,,,,,0.986620008945465
16167,,,,,,,,0.986620008945465
16169,,,,,,,,0.985967040061951
16171,,,,,,,,0.985156774520874
16173,,,,,,,,0.984608888626099
16175,,,,,,,,0.984186232089996
16177,,,,,,,,0.984177350997925
16179,,,,,,,,0.9846071600914
16181,,,,,,,,0.985236167907715
16183,,,,,,,,0.985554099082947
16185,,,,,,,,0.98553991317749
16187,,,,,,,,0.985669791698456
16189,,,,,,,,0.985575914382935
16191,,,,,,,,0.984834909439087
16193,,,,,,,,0.983854293823242
16195,,,,,,,,0.983037769794464
16197,,,,,,,,0.982533812522888
16199,,,,,,,,0.982617735862732
16201,,,,,,,,0.982968211174011
16203,,,,,,,,0.982802987098694
16205,,,,,,,,0.982660830020905
16207,,,,,,,,0.982943594455719
16209,,,,,,,,0.983252942562103
16211,,,,,,,,0.983386695384979
16213,,,,,,,,0.983617544174194
16215,,,,,,,,0.984121143817902
16217,,,,,,,,0.984623849391937
16219,,,,,,,,0.984860718250275
16221,,,,,,,,0.985120356082916
16223,,,,,,,,0.985598742961884
16225,,,,,,,,0.985962629318237
16227,,,,,,,,0.98572039604187
16229,,,,,,,,0.98542708158493
16231,,,,,,,,0.985511183738709
16233,,,,,,,,0.985150694847107
16235,,,,,,,,0.984372019767761
16237,,,,,,,,0.984099447727203
16239,,,,,,,,0.984495341777802
16241,,,,,,,,0.985005080699921
16243,,,,,,,,0.985745847225189
16245,,,,,,,,0.986552536487579
16247,,,,,,,,0.987107932567596
16249,,,,,,,,0.987375736236572
16251,,,,,,,,0.987533986568451
16253,,,,,,,,0.987639904022217
16255,,,,,,,,0.987403452396393
16257,,,,,,,,0.986885845661163
16259,,,,,,,,0.986471116542816
16261,,,,,,,,0.986012101173401
16263,,,,,,,,0.985474705696106
16265,,,,,,,,0.985215544700623
16267,,,,,,,,0.985304355621338
16269,,,,,,,,0.985256254673004
16271,,,,,,,,0.98526930809021
16273,,,,,,,,0.985522091388702
16275,,,,,,,,0.985540568828583
16277,,,,,,,,0.985449612140656
16279,,,,,,,,0.985378265380859
16281,,,,,,,,0.985092103481293
16283,,,,,,,,0.984600007534027
16285,,,,,,,,0.984189808368683
16287,,,,,,,,0.984516859054565
16289,,,,,,,,0.985185623168945
16291,,,,,,,,0.985453546047211
16293,,,,,,,,0.985244274139404
16295,,,,,,,,0.984724342823029
16297,,,,,,,,0.984558582305908
16299,,,,,,,,0.984747111797333
16301,,,,,,,,0.985106706619263
16303,,,,,,,,0.985464453697205
16305,,,,,,,,0.985619246959686
16307,,,,,,,,0.98566335439682
16309,,,,,,,,0.985767066478729
16311,,,,,,,,0.98592221736908
16313,,,,,,,,0.985854804515839
16315,,,,,,,,0.985716581344605
16324,,,,,,,,0.98527455329895
16324,,,,,,,,0.98527455329895
16324,,,,,,,,0.98527455329895
16324,,,,,,,,0.98527455329895
16325,,,,,,,,0.98527455329895
16327,,,,,,,,0.984944880008698
16329,,,,,,,,0.984488070011139
16331,,,,,,,,0.984090983867645
16333,,,,,,,,0.984114766120911
16335,,,,,,,,0.984205961227417
16337,,,,,,,,0.98427551984787
16339,,,,,,,,0.984296083450317
16341,,,,,,,,0.984322726726532
16343,,,,,,,,0.984538435935974
16345,,,,,,,,0.985041499137878
16347,,,,,,,,0.985512554645538
16349,,,,,,,,0.985663712024689
16351,,,,,,,,0.98598325252533
16353,,,,,,,,0.986354351043701
16355,,,,,,,,0.987220883369446
16357,,,,,,,,0.987220883369446
16359,,,,,,,,0.987340807914734
16361,,,,,,,,0.986694812774658
16363,,,,,,,,0.98577755689621
16365,,,,,,,,0.98498523235321
16367,,,,,,,,0.984304368495941
16369,,,,,,,,0.983981430530548
16371,,,,,,,,0.984171986579895
16373,,,,,,,,0.984563291072845
16375,,,,,,,,0.984816491603851
16377,,,,,,,,0.984782159328461
16379,,,,,,,,0.98456072807312
16381,,,,,,,,0.984374642372131
16383,,,,,,,,0.984281718730927
16385,,,,,,,,0.984266579151154
16387,,,,,,,,0.984386324882507
16389,,,,,,,,0.984480619430542
16391,,,,,,,,0.984800159931183
16393,,,,,,,,0.985179960727692
16395,,,,,,,,0.985058546066284
16397,,,,,,,,0.984508395195007
16399,,,,,,,,0.984233319759369
16401,,,,,,,,0.984252154827118
16403,,,,,,,,0.984067738056183
16405,,,,,,,,0.983672380447388
16407,,,,,,,,0.983413577079773
16409,,,,,,,,0.983397245407105
16411,,,,,,,,0.983646094799042
16413,,,,,,,,0.984007775783539
16415,,,,,,,,0.984153270721436
16417,,,,,,,,0.984144926071167
16419,,,,,,,,0.984380662441254
16421,,,,,,,,0.984959125518799
16423,,,,,,,,0.985632717609406
16425,,,,,,,,0.986236453056335
16427,,,,,,,,0.986656546592712
16429,,,,,,,,0.98672616481781
16431,,,,,,,,0.986339092254639
16433,,,,,,,,0.985804617404938
16435,,,,,,,,0.985290288925171
16437,,,,,,,,0.984691858291626
16439,,,,,,,,0.984279751777649
16441,,,,,,,,0.984099268913269
16443,,,,,,,,0.984039783477783
16445,,,,,,,,0.983637392520905
16447,,,,,,,,0.982926547527313
16449,,,,,,,,0.982596337795258
16451,,,,,,,,0.982842028141022
16453,,,,,,,,0.983492612838745
16455,,,,,,,,0.983876526355743
16457,,,,,,,,0.984220266342163
16459,,,,,,,,0.985087752342224
16461,,,,,,,,0.986286699771881
16463,,,,,,,,0.987135708332062
16465,,,,,,,,0.987236261367798
16467,,,,,,,,0.986792266368866
16469,,,,,,,,0.986335873603821
16471,,,,,,,,0.985973358154297
16473,,,,,,,,0.985640943050385
16475,,,,,,,,0.985363721847534
16477,,,,,,,,0.985096335411072
16479,,,,,,,,0.984765946865082
16481,,,,,,,,0.984265148639679
16483,,,,,,,,0.98390656709671
16485,,,,,,,,0.983911633491516
16487,,,,,,,,0.984150052070618
16489,,,,,,,,0.984513640403748
16491,,,,,,,,0.984770119190216
16493,,,,,,,,0.984870672225952
16495,,,,,,,,0.984806895256043
16497,,,,,,,,0.984832942485809
16499,,,,,,,,0.984941124916077
16501,,,,,,,,0.984573245048523
16503,,,,,,,,0.984029948711395
16505,,,,,,,,0.983892440795898
16513,,,,,,,,0.983397901058197
16513,,,,,,,,0.983397901058197
16513,,,,,,,,0.983397901058197
16513,,,,,,,,0.983397901058197
16515,,,,,,,,0.983397901058197
16517,,,,,,,,0.983334243297577
16519,,,,,,,,0.983677923679352
16521,,,,,,,,0.984139978885651
16523,,,,,,,,0.985015451908112
16525,,,,,,,,0.985015451908112
16527,,,,,,,,0.985772430896759
16529,,,,,,,,0.986193895339966
16531,,,,,,,,0.986868739128113
16533,,,,,,,,0.988016963005066
16535,,,,,,,,0.988811075687408
16537,,,,,,,,0.98896336555481
16539,,,,,,,,0.988412022590637
16541,,,,,,,,0.98729008436203
16543,,,,,,,,0.986182451248169
16545,,,,,,,,0.985326409339905
16547,,,,,,,,0.984703063964844
16549,,,,,,,,0.984148025512695
16551,,,,,,,,0.983746469020844
16553,,,,,,,,0.983612895011902
16555,,,,,,,,0.983826696872711
16557,,,,,,,,0.983978807926178
16559,,,,,,,,0.983847320079803
16561,,,,,,,,0.983717083930969
16563,,,,,,,,0.983778834342957
16565,,,,,,,,0.984080851078033
16567,,,,,,,,0.984427690505981
16569,,,,,,,,0.98475706577301
16571,,,,,,,,0.985061228275299
16573,,,,,,,,0.98530900478363
16575,,,,,,,,0.98577344417572
16577,,,,,,,,0.986315608024597
16579,,,,,,,,0.986495852470398
16581,,,,,,,,0.98648875951767
16583,,,,,,,,0.98645806312561
16585,,,,,,,,0.986140608787537
16587,,,,,,,,0.986140608787537
16589,,,,,,,,0.985954582691193
16591,,,,,,,,0.986206233501434
16593,,,,,,,,0.98648589849472
16595,,,,,,,,0.986148655414581
16597,,,,,,,,0.98587030172348
16599,,,,,,,,0.986126303672791
16601,,,,,,,,0.986576735973358
16603,,,,,,,,0.987094163894653
16605,,,,,,,,0.987291574478149
16607,,,,,,,,0.986949384212494
16609,,,,,,,,0.986467957496643
16611,,,,,,,,0.98623114824295
16613,,,,,,,,0.98623788356781
16615,,,,,,,,0.986299157142639
16617,,,,,,,,0.986171424388886
16619,,,,,,,,0.985970675945282
16621,,,,,,,,0.985836803913116
16623,,,,,,,,0.985668063163757
16625,,,,,,,,0.985308766365051
16627,,,,,,,,0.984938263893127
16629,,,,,,,,0.984856188297272
16631,,,,,,,,0.985152959823608
16633,,,,,,,,0.985644221305847
16635,,,,,,,,0.986135244369507
16637,,,,,,,,0.986235857009888
16639,,,,,,,,0.986235857009888
16641,,,,,,,,0.986768007278442
16643,,,,,,,,0.987360894680023
16645,,,,,,,,0.987360894680023
16648,,,,,,,,0.988109767436981
16649,,,,,,,,0.988109767436981
16651,,,,,,,,0.988103926181793
16653,,,,,,,,0.987875998020172
16655,,,,,,,,0.987875998020172
16657,,,,,,,,0.987437129020691
16659,,,,,,,,0.987219870090485
16661,,,,,,,,0.987208724021912
16663,,,,,,,,0.98683625459671
16665,,,,,,,,0.98683625459671
16667,,,,,,,,0.985759854316711
16669,,,,,,,,0.985759854316711
16671,,,,,,,,0.986008942127228
16673,,,,,,,,0.98589551448822
16675,,,,,,,,0.98589551448822
16677,,,,,,,,0.986160099506378
16679,,,,,,,,0.986344993114471
16681,,,,,,,,0.986311733722687
16683,,,,,,,,0.985971689224243
16685,,,,,,,,0.985971689224243
16687,,,,,,,,0.984873533248901
16689,,,,,,,,0.984873533248901
16691,,,,,,,,0.983895659446716
16693,,,,,,,,0.983546018600464
16695,,,,,,,,0.983540832996368
16697,,,,,,,,0.983994960784912
16699,,,,,,,,0.984507262706757
16701,,,,,,,,0.984801352024078
16703,,,,,,,,0.985015094280243
16705,,,,,,,,0.985265016555786
16707,,,,,,,,0.985649704933167
16709,,,,,,,,0.985649704933167
16711,,,,,,,,0.986388683319092
16713,,,,,,,,0.986013650894165
16715,,,,,,,,0.985616445541382
16717,,,,,,,,0.985588431358337
16719,,,,,,,,0.985644578933716
16721,,,,,,,,0.98556512594223
16723,,,,,,,,0.985371112823486
16725,,,,,,,,0.985320746898651
16727,,,,,,,,0.985671103000641
16736,,,,,,,,0.98674601316452
16736,,,,,,,,0.98674601316452
16737,,,,,,,,0.98663592338562
16737,,,,,,,,0.98663592338562
16737,,,,,,,,0.98663592338562
16739,,,,,,,,0.986387133598328
16741,,,,,,,,0.986031055450439
16743,,,,,,,,0.985530853271484
16745,,,,,,,,0.985475063323975
16747,,,,,,,,0.985990345478058
16749,,,,,,,,0.985990345478058
16751,,,,,,,,0.986480593681335
16753,,,,,,,,0.986630320549011
16755,,,,,,,,0.986706376075745
16757,,,,,,,,0.986851334571838
16759,,,,,,,,0.986831963062286
16761,,,,,,,,0.98666125535965
16763,,,,,,,,0.98665326833725
16765,,,,,,,,0.986649096012116
16767,,,,,,,,0.98652195930481
16769,,,,,,,,0.98652195930481
16771,,,,,,,,0.986629664897919
16773,,,,,,,,0.986467778682709
16775,,,,,,,,0.98608922958374
16777,,,,,,,,0.98565810918808
16779,,,,,,,,0.985410213470459
16781,,,,,,,,0.985568702220917
16783,,,,,,,,0.985926151275635
16785,,,,,,,,0.986142635345459
16787,,,,,,,,0.986464440822601
16789,,,,,,,,0.986464440822601
16791,,,,,,,,0.986340880393982
16793,,,,,,,,0.985811531543732
16795,,,,,,,,0.985787630081177
16797,,,,,,,,0.985997319221497
16799,,,,,,,,0.986426293849945
16801,,,,,,,,0.986847639083862
16803,,,,,,,,0.986826956272125
16805,,,,,,,,0.986997127532959
16807,,,,,,,,0.987583100795746
16809,,,,,,,,0.987583100795746
16811,,,,,,,,0.987114250659943
16813,,,,,,,,0.986544072628021
16815,,,,,,,,0.98617547750473
16817,,,,,,,,0.985826134681702
16819,,,,,,,,0.985666632652283
16821,,,,,,,,0.985919713973999
16823,,,,,,,,0.986232697963715
16825,,,,,,,,0.986360669136047
16827,,,,,,,,0.986494719982147
16829,,,,,,,,0.986494719982147
16831,,,,,,,,0.986227095127106
16833,,,,,,,,0.985903441905975
16835,,,,,,,,0.985621511936188
16837,,,,,,,,0.985355973243713
16839,,,,,,,,0.985143423080444
16841,,,,,,,,0.984820306301117
16843,,,,,,,,0.984291791915894
16845,,,,,,,,0.983974397182465
16847,,,,,,,,0.984055459499359
16849,,,,,,,,0.98464447259903
16851,,,,,,,,0.985479891300201
16853,,,,,,,,0.986059308052063
16855,,,,,,,,0.986672163009644
16857,,,,,,,,0.98729795217514
16859,,,,,,,,0.987616717815399
16861,,,,,,,,0.987589120864868
16863,,,,,,,,0.987396836280823
16865,,,,,,,,0.987271428108215
16867,,,,,,,,0.987103521823883
16869,,,,,,,,0.986649692058563
16871,,,,,,,,0.985861599445343
16873,,,,,,,,0.984951555728912
16875,,,,,,,,0.984275043010712
16877,,,,,,,,0.983994126319885
16879,,,,,,,,0.984248101711273
16881,,,,,,,,0.984781861305237
16883,,,,,,,,0.985076487064362
16885,,,,,,,,0.985165536403656
16887,,,,,,,,0.98531699180603
16889,,,,,,,,0.985428690910339
16891,,,,,,,,0.985310673713684
16893,,,,,,,,0.985146164894104
16895,,,,,,,,0.985007405281067
16897,,,,,,,,0.984782516956329
16899,,,,,,,,0.984841346740723
16901,,,,,,,,0.985493898391724
16903,,,,,,,,0.986214995384216
16905,,,,,,,,0.98638778924942
16907,,,,,,,,0.986235678195953
16909,,,,,,,,0.985971927642822
16911,,,,,,,,0.985750377178192
16913,,,,,,,,0.986006081104279
16915,,,,,,,,0.986515581607819
16917,,,,,,,,0.986929416656494
16919,,,,,,,,0.98720395565033
16921,,,,,,,,0.987508773803711
16923,,,,,,,,0.987774431705475
16925,,,,,,,,0.987687587738037
16927,,,,,,,,0.987327337265015
16929,,,,,,,,0.98697292804718
16931,,,,,,,,0.986342370510101
16933,,,,,,,,0.985651671886444
16935,,,,,,,,0.985441446304321
16937,,,,,,,,0.985681235790253
16939,,,,,,,,0.986175894737244
16941,,,,,,,,0.986743152141571
16943,,,,,,,,0.987075507640839
16945,,,,,,,,0.987232685089111
16947,,,,,,,,0.987139582633972
16949,,,,,,,,0.986863255500793
16951,,,,,,,,0.98658287525177
16953,,,,,,,,0.986477673053741
16955,,,,,,,,0.986075401306152
16957,,,,,,,,0.985586404800415
16959,,,,,,,,0.985114276409149
16961,,,,,,,,0.984509229660034
16963,,,,,,,,0.984519422054291
16965,,,,,,,,0.984968364238739
16967,,,,,,,,0.985213041305542
16969,,,,,,,,0.985019624233246
16971,,,,,,,,0.985041677951813
16973,,,,,,,,0.985663890838623
16975,,,,,,,,0.986351668834686
16977,,,,,,,,0.986601889133453
16979,,,,,,,,0.986460685729981
16981,,,,,,,,0.98615825176239
16983,,,,,,,,0.985945403575897
16985,,,,,,,,0.985915243625641
16987,,,,,,,,0.985843479633331
16989,,,,,,,,0.985661268234253
16991,,,,,,,,0.985855937004089
16993,,,,,,,,0.986363172531128
16995,,,,,,,,0.986534118652344
16997,,,,,,,,0.986368179321289
16999,,,,,,,,0.986390590667725
17001,,,,,,,,0.986607015132904
17003,,,,,,,,0.986828684806824
17005,,,,,,,,0.986959755420685
17007,,,,,,,,0.986961603164673
17009,,,,,,,,0.986526668071747
17011,,,,,,,,0.985807120800018
17013,,,,,,,,0.984776973724365
17015,,,,,,,,0.983673512935638
17017,,,,,,,,0.982700228691101
17019,,,,,,,,0.981870710849762
17021,,,,,,,,0.981472074985504
17023,,,,,,,,0.981629192829132
17025,,,,,,,,0.982142150402069
17027,,,,,,,,0.982803285121918
17029,,,,,,,,0.983563601970673
17031,,,,,,,,0.984121203422546
17033,,,,,,,,0.984642744064331
17035,,,,,,,,0.984993755817413
17037,,,,,,,,0.984744668006897
17039,,,,,,,,0.98448371887207
17041,,,,,,,,0.984573721885681
17043,,,,,,,,0.98495751619339
17045,,,,,,,,0.985351800918579
17047,,,,,,,,0.985527336597443
17049,,,,,,,,0.985672533512116
17051,,,,,,,,0.985852062702179
17053,,,,,,,,0.985960364341736
17055,,,,,,,,0.98601621389389
17057,,,,,,,,0.986045241355896
17059,,,,,,,,0.985659301280975
17061,,,,,,,,0.985097527503967
17063,,,,,,,,0.984879791736603
17065,,,,,,,,0.984692275524139
17067,,,,,,,,0.984449744224548
17069,,,,,,,,0.984265089035034
17071,,,,,,,,0.984443247318268
17073,,,,,,,,0.984872102737427
17075,,,,,,,,0.985161185264587
17077,,,,,,,,0.985410332679749
17079,,,,,,,,0.985728561878204
17081,,,,,,,,0.985782861709595
17083,,,,,,,,0.985530018806458
17085,,,,,,,,0.985110104084015
17087,,,,,,,,0.98481023311615
17089,,,,,,,,0.984868705272675
17091,,,,,,,,0.985115945339203
17093,,,,,,,,0.985466480255127
17095,,,,,,,,0.985519707202911
17097,,,,,,,,0.985442519187927
17099,,,,,,,,0.985727667808533
17101,,,,,,,,0.986149489879608
17103,,,,,,,,0.986452579498291
17105,,,,,,,,0.986546158790588
17107,,,,,,,,0.986422955989838
17109,,,,,,,,0.986105501651764
17111,,,,,,,,0.985732913017273
17113,,,,,,,,0.985430657863617
17115,,,,,,,,0.985349237918854
17117,,,,,,,,0.985399961471558
17119,,,,,,,,0.985486507415772
17121,,,,,,,,0.985811233520508
17123,,,,,,,,0.986301720142365
17125,,,,,,,,0.986566662788391
17127,,,,,,,,0.986418426036835
17129,,,,,,,,0.986054480075836
17131,,,,,,,,0.985451996326447
17133,,,,,,,,0.984836459159851
17135,,,,,,,,0.984746694564819
17137,,,,,,,,0.984880685806274
17139,,,,,,,,0.984979450702667
17141,,,,,,,,0.985177218914032
17143,,,,,,,,0.985137820243835
17145,,,,,,,,0.985121428966522
17147,,,,,,,,0.98523223400116
17149,,,,,,,,0.985454082489014
17151,,,,,,,,0.986093401908875
17153,,,,,,,,0.986838519573212
17155,,,,,,,,0.987353980541229
17157,,,,,,,,0.987611532211304
17159,,,,,,,,0.987857222557068
17161,,,,,,,,0.988012611865997
17163,,,,,,,,0.987810373306274
17165,,,,,,,,0.98716813325882
17167,,,,,,,,0.986324608325958
17169,,,,,,,,0.985637545585632
17171,,,,,,,,0.985504686832428
17173,,,,,,,,0.985510408878326
17175,,,,,,,,0.985550761222839
17177,,,,,,,,0.985452592372894
17179,,,,,,,,0.984995663166046
17181,,,,,,,,0.984604299068451
17183,,,,,,,,0.984282732009888
17185,,,,,,,,0.983957767486572
17187,,,,,,,,0.983811318874359
17189,,,,,,,,0.983638525009155
17191,,,,,,,,0.983482539653778
17193,,,,,,,,0.983613789081574
17195,,,,,,,,0.983826875686646
17197,,,,,,,,0.984013855457306
17199,,,,,,,,0.984314143657684
17201,,,,,,,,0.984862565994263
17203,,,,,,,,0.985241830348969
17205,,,,,,,,0.985012471675873
17207,,,,,,,,0.984496891498566
17209,,,,,,,,0.984266698360443
17211,,,,,,,,0.984322547912598
17213,,,,,,,,0.984222531318665
17222,,,,,,,,0.982519328594208
17222,,,,,,,,0.982519328594208
17222,,,,,,,,0.982519328594208
17222,,,,,,,,0.982519328594208
17223,,,,,,,,0.982473313808441
17225,,,,,,,,0.982702612876892
17227,,,,,,,,0.982974708080292
17229,,,,,,,,0.983283698558807
17231,,,,,,,,0.984038591384888
17233,,,,,,,,0.985476970672607
17235,,,,,,,,0.987050950527191
17237,,,,,,,,0.988314628601074
17239,,,,,,,,0.989143669605255
17241,,,,,,,,0.989753067493439
17243,,,,,,,,0.989891707897186
17245,,,,,,,,0.989457666873932
17247,,,,,,,,0.988631188869476
17249,,,,,,,,0.987529575824738
17251,,,,,,,,0.986427009105682
17253,,,,,,,,0.985165059566498
17255,,,,,,,,0.983944773674011
17257,,,,,,,,0.983430445194244
17259,,,,,,,,0.983512043952942
17261,,,,,,,,0.983681261539459
17263,,,,,,,,0.983896970748901
17265,,,,,,,,0.984202921390533
17267,,,,,,,,0.98448258638382
17269,,,,,,,,0.984677314758301
17271,,,,,,,,0.984748959541321
17273,,,,,,,,0.985013246536255
17275,,,,,,,,0.985507607460022
17277,,,,,,,,0.985988318920136
17279,,,,,,,,0.986274540424347
17281,,,,,,,,0.986185193061829
17283,,,,,,,,0.986034989356995
17285,,,,,,,,0.986314356327057
17287,,,,,,,,0.987082362174988
17289,,,,,,,,0.987778186798096
17291,,,,,,,,0.987634718418121
17293,,,,,,,,0.987052202224731
17295,,,,,,,,0.986420333385468
17297,,,,,,,,0.985764443874359
17299,,,,,,,,0.985017955303192
17301,,,,,,,,0.984567880630493
17303,,,,,,,,0.984478712081909
17305,,,,,,,,0.984545171260834
17307,,,,,,,,0.984645187854767
17309,,,,,,,,0.984737992286682
17311,,,,,,,,0.984852433204651
17313,,,,,,,,0.984860777854919
17315,,,,,,,,0.984664797782898
17317,,,,,,,,0.984275221824646
17319,,,,,,,,0.983949542045593
17321,,,,,,,,0.983605623245239
17323,,,,,,,,0.983339846134186
17325,,,,,,,,0.983488082885742
17327,,,,,,,,0.984120011329651
17329,,,,,,,,0.984766125679016
17331,,,,,,,,0.984955191612244
17333,,,,,,,,0.984765291213989
17335,,,,,,,,0.984502911567688
17337,,,,,,,,0.984534680843353
17339,,,,,,,,0.984364926815033
17341,,,,,,,,0.983694493770599
17343,,,,,,,,0.983033537864685
17345,,,,,,,,0.982775270938873
17347,,,,,,,,0.982908666133881
17349,,,,,,,,0.983363509178162
17351,,,,,,,,0.98384302854538
17353,,,,,,,,0.984142780303955
17355,,,,,,,,0.984596967697144
17357,,,,,,,,0.985272705554962
17359,,,,,,,,0.985907196998596
17361,,,,,,,,0.986173093318939
17363,,,,,,,,0.986378252506256
17365,,,,,,,,0.986642301082611
17367,,,,,,,,0.986645102500916
17369,,,,,,,,0.986213386058807
17371,,,,,,,,0.985756993293762
17373,,,,,,,,0.985347151756287
17375,,,,,,,,0.984726428985596
17377,,,,,,,,0.984080314636231
17379,,,,,,,,0.983663022518158
17381,,,,,,,,0.983584105968475
17383,,,,,,,,0.983720123767853
17385,,,,,,,,0.983806192874908
17387,,,,,,,,0.983944952487946
17389,,,,,,,,0.984230697154999
17391,,,,,,,,0.984558761119843
17393,,,,,,,,0.984654426574707
17395,,,,,,,,0.984777569770813
17397,,,,,,,,0.985144197940826
17399,,,,,,,,0.985537946224213
17401,,,,,,,,0.985538065433502
17403,,,,,,,,0.985252559185028
17405,,,,,,,,0.984908401966095
17407,,,,,,,,0.984720170497894
17409,,,,,,,,0.984694719314575
17411,,,,,,,,0.984513521194458
17413,,,,,,,,0.984513700008392
17415,,,,,,,,0.985061287879944
17417,,,,,,,,0.98587828874588
17419,,,,,,,,0.986592769622803
17421,,,,,,,,0.986964344978333
17423,,,,,,,,0.986618280410767
17425,,,,,,,,0.985829949378967
17427,,,,,,,,0.985564768314362
17429,,,,,,,,0.985993266105652
17431,,,,,,,,0.986236810684204
17433,,,,,,,,0.986346900463104
17435,,,,,,,,0.98652857542038
17437,,,,,,,,0.986373722553253
17439,,,,,,,,0.986142873764038
17441,,,,,,,,0.986275792121887
17443,,,,,,,,0.986285507678986
17445,,,,,,,,0.98587566614151
17447,,,,,,,,0.98521363735199
17449,,,,,,,,0.98484206199646
17451,,,,,,,,0.984916031360626
17453,,,,,,,,0.985128700733185
17455,,,,,,,,0.985377192497253
17457,,,,,,,,0.985734581947327
17459,,,,,,,,0.986165881156921
17461,,,,,,,,0.986464202404022
17463,,,,,,,,0.986293613910675
17465,,,,,,,,0.985888481140137
17467,,,,,,,,0.98554265499115
17469,,,,,,,,0.985384821891785
17471,,,,,,,,0.985197067260742
17473,,,,,,,,0.984807550907135
17475,,,,,,,,0.984529852867126
17477,,,,,,,,0.984473943710327
17479,,,,,,,,0.984540462493897
17481,,,,,,,,0.984740078449249
17483,,,,,,,,0.985039472579956
17485,,,,,,,,0.985025703907013
17487,,,,,,,,0.984859943389893
17489,,,,,,,,0.985015511512756
17491,,,,,,,,0.985260844230652
17493,,,,,,,,0.985433459281921
17495,,,,,,,,0.985803127288818
17497,,,,,,,,0.986415266990662
17499,,,,,,,,0.986906468868256
17501,,,,,,,,0.986818194389343
17503,,,,,,,,0.986207127571106
17505,,,,,,,,0.985770642757416
17507,,,,,,,,0.985621511936188
17509,,,,,,,,0.985507786273956
17511,,,,,,,,0.985275983810425
17513,,,,,,,,0.984977066516876
17515,,,,,,,,0.98491382598877
17517,,,,,,,,0.985255599021912
17519,,,,,,,,0.985503733158112
17521,,,,,,,,0.985510408878326
17523,,,,,,,,0.985617160797119
17525,,,,,,,,0.985930025577545
17527,,,,,,,,0.986329615116119
17529,,,,,,,,0.986588537693024
17531,,,,,,,,0.986559271812439
17533,,,,,,,,0.986036539077759
17535,,,,,,,,0.985460937023163
17537,,,,,,,,0.985103726387024
17539,,,,,,,,0.984589815139771
17541,,,,,,,,0.984038591384888
17543,,,,,,,,0.984047532081604
17545,,,,,,,,0.984238266944885
17547,,,,,,,,0.984229207038879
17549,,,,,,,,0.984399080276489
17551,,,,,,,,0.984553396701813
17553,,,,,,,,0.98437225818634
17555,,,,,,,,0.983830749988556
17557,,,,,,,,0.983476936817169
17559,,,,,,,,0.983679831027985
17561,,,,,,,,0.983935534954071
17563,,,,,,,,0.983908474445343
17565,,,,,,,,0.983951985836029
17567,,,,,,,,0.984397828578949
17569,,,,,,,,0.985096573829651
17571,,,,,,,,0.985648930072784
17573,,,,,,,,0.985996425151825
17575,,,,,,,,0.986153066158295
17577,,,,,,,,0.986129939556122
17579,,,,,,,,0.985993802547455
17581,,,,,,,,0.986014366149902
17583,,,,,,,,0.986274898052216
17585,,,,,,,,0.986363589763641
17587,,,,,,,,0.986100792884827
17589,,,,,,,,0.985746085643768
17591,,,,,,,,0.985577702522278
17593,,,,,,,,0.985177636146545
17595,,,,,,,,0.984129369258881
17597,,,,,,,,0.983129739761353
17599,,,,,,,,0.982815623283386
17601,,,,,,,,0.983087420463562
17603,,,,,,,,0.983633160591126
17605,,,,,,,,0.98423969745636
17607,,,,,,,,0.984475076198578
17609,,,,,,,,0.984433829784393
17611,,,,,,,,0.984503626823425
17613,,,,,,,,0.984650611877441
17615,,,,,,,,0.984803318977356
17617,,,,,,,,0.985317468643189
17619,,,,,,,,0.985865473747253
17621,,,,,,,,0.986214399337769
17623,,,,,,,,0.986303389072418
17625,,,,,,,,0.986014485359192
17627,,,,,,,,0.985685408115387
17629,,,,,,,,0.985659658908844
17631,,,,,,,,0.985862731933594
17633,,,,,,,,0.986244261264801
17635,,,,,,,,0.986411571502686
17637,,,,,,,,0.986446440219879
17639,,,,,,,,0.986577212810516
17641,,,,,,,,0.986668467521668
17643,,,,,,,,0.986598134040833
17645,,,,,,,,0.986484944820404
17647,,,,,,,,0.986073791980743
17649,,,,,,,,0.985427737236023
17651,,,,,,,,0.984979331493378
17653,,,,,,,,0.985022485256195
17655,,,,,,,,0.98523873090744
17657,,,,,,,,0.985400855541229
17659,,,,,,,,0.9855135679245
17661,,,,,,,,0.985158681869507
17663,,,,,,,,0.984600782394409
17665,,,,,,,,0.984491407871246
17667,,,,,,,,0.98461252450943
17669,,,,,,,,0.984626889228821
17671,,,,,,,,0.984682440757751
17673,,,,,,,,0.984711110591888
17675,,,,,,,,0.98492419719696
17677,,,,,,,,0.985626459121704
17679,,,,,,,,0.986347854137421
17681,,,,,,,,0.986807584762573
17683,,,,,,,,0.986879646778107
17685,,,,,,,,0.986458361148834
17687,,,,,,,,0.986276865005493
17689,,,,,,,,0.986679136753082
17691,,,,,,,,0.987102150917053
17693,,,,,,,,0.987125039100647
17695,,,,,,,,0.987222194671631
17697,,,,,,,,0.987245440483093
17699,,,,,,,,0.986975371837616
17701,,,,,,,,0.986927628517151
17703,,,,,,,,0.986846148967743
17705,,,,,,,,0.986595928668976
17707,,,,,,,,0.986381471157074
17709,,,,,,,,0.986118912696838
17711,,,,,,,,0.985630810260773
17713,,,,,,,,0.985317051410675
17715,,,,,,,,0.985625326633453
17724,,,,,,,,0.986247956752777
17724,,,,,,,,0.986035168170929
17724,,,,,,,,0.986035168170929
17724,,,,,,,,0.986035168170929
17725,,,,,,,,0.986035168170929
17727,,,,,,,,0.986389875411987
17729,,,,,,,,0.98738819360733
17731,,,,,,,,0.988456010818481
17733,,,,,,,,0.989258527755737
17735,,,,,,,,0.989670872688293
17737,,,,,,,,0.989882826805115
17739,,,,,,,,0.989877283573151
17741,,,,,,,,0.989764034748077
17743,,,,,,,,0.989672362804413
17745,,,,,,,,0.989377796649933
17747,,,,,,,,0.989034414291382
17749,,,,,,,,0.988601505756378
17751,,,,,,,,0.987971782684326
17753,,,,,,,,0.987338244915009
17755,,,,,,,,0.986635565757751
17757,,,,,,,,0.985921502113342
17759,,,,,,,,0.984991788864136
17761,,,,,,,,0.984123587608337
17763,,,,,,,,0.983869969844818
17765,,,,,,,,0.98396897315979
17767,,,,,,,,0.983977735042572
17769,,,,,,,,0.984128177165985
17771,,,,,,,,0.984756946563721
17773,,,,,,,,0.985415160655975
17775,,,,,,,,0.98569267988205
17777,,,,,,,,0.985856711864471
17779,,,,,,,,0.98621529340744
17781,,,,,,,,0.986986994743347
17783,,,,,,,,0.987936437129974
17785,,,,,,,,0.988451957702637
17787,,,,,,,,0.988388061523438
17789,,,,,,,,0.988131165504456
17791,,,,,,,,0.987714171409607
17793,,,,,,,,0.986939191818237
17795,,,,,,,,0.986078381538391
17797,,,,,,,,0.985406994819641
17799,,,,,,,,0.984884858131409
17801,,,,,,,,0.984329104423523
17803,,,,,,,,0.98391580581665
17805,,,,,,,,0.983745515346527
17807,,,,,,,,0.983801126480103
17809,,,,,,,,0.984204649925232
17811,,,,,,,,0.985107481479645
17813,,,,,,,,0.986309051513672
17815,,,,,,,,0.987141013145447
17817,,,,,,,,0.987357437610626
17819,,,,,,,,0.987656474113464
17821,,,,,,,,0.98820161819458
17823,,,,,,,,0.988441169261932
17825,,,,,,,,0.98811149597168
17827,,,,,,,,0.987527787685394
17829,,,,,,,,0.986682832241058
17831,,,,,,,,0.98603880405426
17833,,,,,,,,0.985576391220093
17835,,,,,,,,0.985135078430176
17837,,,,,,,,0.984907984733582
17839,,,,,,,,0.9848552942276
17841,,,,,,,,0.984647512435913
17843,,,,,,,,0.984323441982269
17845,,,,,,,,0.983969449996948
17847,,,,,,,,0.98395961523056
17849,,,,,,,,0.984320759773254
17851,,,,,,,,0.985058188438416
17853,,,,,,,,0.986119031906128
17855,,,,,,,,0.986949682235718
17857,,,,,,,,0.987085998058319
17859,,,,,,,,0.986936330795288
17861,,,,,,,,0.986498594284058
17863,,,,,,,,0.985770761966705
17865,,,,,,,,0.984964907169342
17867,,,,,,,,0.984387099742889
17869,,,,,,,,0.983903706073761
17871,,,,,,,,0.983417391777039
17873,,,,,,,,0.983124792575836
17875,,,,,,,,0.983276724815369
17877,,,,,,,,0.983562111854553
17879,,,,,,,,0.983460128307343
17881,,,,,,,,0.983387112617493
17883,,,,,,,,0.983542203903198
17885,,,,,,,,0.983821213245392
17887,,,,,,,,0.984436690807343
17889,,,,,,,,0.98526406288147
17891,,,,,,,,0.985928058624268
17893,,,,,,,,0.986468851566315
17895,,,,,,,,0.986981928348541
17897,,,,,,,,0.987434566020966
17899,,,,,,,,0.987392723560333
17901,,,,,,,,0.987093567848206
17903,,,,,,,,0.987005949020386
17905,,,,,,,,0.986758649349213
17907,,,,,,,,0.986314058303833
17909,,,,,,,,0.985986173152924
17911,,,,,,,,0.985720336437225
17913,,,,,,,,0.985447824001312
17915,,,,,,,,0.985323131084442
17917,,,,,,,,0.985725522041321
17919,,,,,,,,0.986498177051544
17921,,,,,,,,0.987040221691132
17923,,,,,,,,0.987266719341278
17925,,,,,,,,0.987346827983856
17927,,,,,,,,0.987342417240143
17929,,,,,,,,0.987379252910614
17931,,,,,,,,0.987506866455078
17933,,,,,,,,0.987246453762054
17935,,,,,,,,0.986649930477142
17937,,,,,,,,0.986355185508728
17939,,,,,,,,0.986208319664001
17941,,,,,,,,0.985958099365234
17943,,,,,,,,0.985453248023987
17945,,,,,,,,0.984682679176331
17947,,,,,,,,0.984099805355072
17949,,,,,,,,0.983934879302979
17951,,,,,,,,0.983999311923981
17953,,,,,,,,0.983791887760162
17955,,,,,,,,0.98362672328949
17957,,,,,,,,0.983885169029236
17959,,,,,,,,0.984297335147858
17961,,,,,,,,0.984725177288055
17963,,,,,,,,0.985339343547821
17965,,,,,,,,0.986177504062653
17972,,,,,,,,0.988161206245422
17972,,,,,,,,0.988161206245422
17972,,,,,,,,0.988161206245422
17973,,,,,,,,0.988161206245422
17975,,,,,,,,0.987855672836304
17977,,,,,,,,0.987760603427887
17979,,,,,,,,0.987313151359558
17981,,,,,,,,0.986372470855713
17983,,,,,,,,0.985321164131165
17985,,,,,,,,0.984311699867249
17987,,,,,,,,0.983625411987305
17989,,,,,,,,0.983530700206757
17991,,,,,,,,0.984164893627167
17993,,,,,,,,0.98543381690979
17995,,,,,,,,0.986838102340698
17997,,,,,,,,0.987725019454956
17999,,,,,,,,0.987826466560364
18001,,,,,,,,0.987454771995544
18003,,,,,,,,0.98693859577179
18005,,,,,,,,0.986336827278137
18007,,,,,,,,0.985779166221619
18009,,,,,,,,0.985182404518127
18011,,,,,,,,0.984526872634888
18013,,,,,,,,0.983831107616425
18015,,,,,,,,0.983200371265411
18017,,,,,,,,0.982708632946014
18019,,,,,,,,0.98222029209137
18021,,,,,,,,0.981985151767731
18023,,,,,,,,0.98201721906662
18025,,,,,,,,0.981879353523254
18027,,,,,,,,0.981853723526001
18029,,,,,,,,0.982380628585815
18031,,,,,,,,0.983426570892334
18033,,,,,,,,0.98448657989502
18035,,,,,,,,0.985246658325195
18037,,,,,,,,0.985724270343781
18039,,,,,,,,0.985896468162537
18041,,,,,,,,0.985445439815521
18043,,,,,,,,0.984645783901215
18045,,,,,,,,0.984513878822327
18047,,,,,,,,0.98483419418335
18049,,,,,,,,0.984797894954681
18051,,,,,,,,0.984261631965637
18053,,,,,,,,0.983632385730743
18055,,,,,,,,0.983392834663391
18057,,,,,,,,0.983455777168274
18059,,,,,,,,0.983659982681274
18061,,,,,,,,0.984003841876984
18063,,,,,,,,0.984294474124908
18065,,,,,,,,0.98438823223114
18067,,,,,,,,0.984316647052765
18069,,,,,,,,0.984243929386139
18071,,,,,,,,0.984002113342285
18073,,,,,,,,0.983879089355469
18075,,,,,,,,0.984147429466248
18077,,,,,,,,0.98480498790741
18079,,,,,,,,0.985680997371674
18081,,,,,,,,0.986351311206818
18083,,,,,,,,0.986780345439911
18085,,,,,,,,0.98699963092804
18087,,,,,,,,0.986697018146515
18089,,,,,,,,0.986129581928253
18091,,,,,,,,0.985896110534668
18093,,,,,,,,0.985759198665619
18095,,,,,,,,0.985174894332886
18097,,,,,,,,0.9845090508461
18099,,,,,,,,0.983904361724854
18101,,,,,,,,0.983591854572296
18103,,,,,,,,0.983773410320282
18105,,,,,,,,0.983974575996399
18107,,,,,,,,0.98413360118866
18109,,,,,,,,0.984500885009766
18111,,,,,,,,0.984584867954254
18113,,,,,,,,0.984431147575378
18115,,,,,,,,0.984666645526886
18117,,,,,,,,0.985347449779511
18119,,,,,,,,0.98601758480072
18121,,,,,,,,0.986196041107178
18123,,,,,,,,0.986054122447968
18125,,,,,,,,0.985896408557892
18127,,,,,,,,0.985691487789154
18129,,,,,,,,0.985091507434845
18131,,,,,,,,0.984268128871918
18133,,,,,,,,0.983487129211426
18135,,,,,,,,0.98257303237915
18137,,,,,,,,0.982171893119812
18139,,,,,,,,0.982692658901215
18141,,,,,,,,0.983335375785828
18143,,,,,,,,0.983915746212006
18145,,,,,,,,0.984561622142792
18147,,,,,,,,0.985171318054199
18149,,,,,,,,0.985543787479401
18151,,,,,,,,0.985811352729797
18153,,,,,,,,0.986382126808167
18155,,,,,,,,0.987299263477325
18157,,,,,,,,0.987702608108521
18159,,,,,,,,0.987366914749146
18161,,,,,,,,0.987054407596588
18163,,,,,,,,0.986972749233246
18165,,,,,,,,0.986540019512177
18167,,,,,,,,0.985929131507874
18169,,,,,,,,0.985399544239044
18171,,,,,,,,0.985050022602081
18173,,,,,,,,0.984894096851349
18175,,,,,,,,0.984717905521393
18177,,,,,,,,0.984542727470398
18179,,,,,,,,0.98466295003891
18181,,,,,,,,0.984954595565796
18183,,,,,,,,0.985166728496552
18185,,,,,,,,0.985394716262817
18187,,,,,,,,0.985881745815277
18189,,,,,,,,0.986772477626801
18191,,,,,,,,0.987684607505798
18193,,,,,,,,0.988143622875214
18195,,,,,,,,0.988213837146759
18197,,,,,,,,0.988101422786713
18199,,,,,,,,0.988052308559418
18201,,,,,,,,0.988169431686401
18209,,,,,,,,0.986217796802521
18209,,,,,,,,0.986217796802521
18209,,,,,,,,0.986217796802521
18209,,,,,,,,0.986217796802521
18211,,,,,,,,0.985265731811523
18213,,,,,,,,0.984959721565247
18215,,,,,,,,0.985106110572815
18217,,,,,,,,0.985203862190247
18219,,,,,,,,0.985119104385376
18221,,,,,,,,0.985141754150391
18223,,,,,,,,0.98518431186676
18225,,,,,,,,0.98495477437973
18227,,,,,,,,0.984664261341095
18229,,,,,,,,0.984456658363342
18231,,,,,,,,0.984363555908203
18233,,,,,,,,0.984623908996582
18235,,,,,,,,0.985211849212647
18237,,,,,,,,0.985609292984009
18240,,,,,,,,0.985712647438049
18241,,,,,,,,0.985712647438049
18243,,,,,,,,0.985657691955566
18245,,,,,,,,0.98562228679657
18247,,,,,,,,0.98565936088562
18249,,,,,,,,0.985588848590851
18251,,,,,,,,0.984975755214691
18253,,,,,,,,0.984336137771606
18255,,,,,,,,0.984322905540466
18257,,,,,,,,0.984842360019684
18259,,,,,,,,0.985307812690735
18261,,,,,,,,0.985711991786957
18263,,,,,,,,0.986210644245148
18265,,,,,,,,0.986517786979675
18267,,,,,,,,0.986613571643829
18269,,,,,,,,0.986650705337524
18271,,,,,,,,0.986365616321564
18273,,,,,,,,0.985802114009857
18275,,,,,,,,0.985526323318481
18277,,,,,,,,0.985420942306519
18279,,,,,,,,0.985041260719299
18281,,,,,,,,0.984711945056915
18283,,,,,,,,0.984293103218079
18285,,,,,,,,0.983562052249908
18287,,,,,,,,0.983065664768219
18289,,,,,,,,0.983156621456146
18291,,,,,,,,0.983462452888489
18293,,,,,,,,0.983446657657623
18295,,,,,,,,0.983230948448181
18297,,,,,,,,0.982845783233643
18299,,,,,,,,0.982420146465302
18301,,,,,,,,0.982527375221252
18303,,,,,,,,0.983353972434998
18305,,,,,,,,0.984475672245026
18307,,,,,,,,0.985589861869812
18309,,,,,,,,0.986706852912903
18311,,,,,,,,0.98778110742569
18313,,,,,,,,0.988502025604248
18315,,,,,,,,0.988982677459717
18317,,,,,,,,0.989142835140228
18319,,,,,,,,0.988751947879791
18321,,,,,,,,0.987963020801544
18323,,,,,,,,0.986982703208923
18325,,,,,,,,0.986181974411011
18327,,,,,,,,0.985664546489716
18329,,,,,,,,0.985300958156586
18331,,,,,,,,0.985275089740753
18333,,,,,,,,0.985275089740753
18335,,,,,,,,0.985296368598938
18337,,,,,,,,0.985129177570343
18339,,,,,,,,0.985373735427856
18341,,,,,,,,0.985952913761139
18343,,,,,,,,0.986477792263031
18345,,,,,,,,0.986641645431519
18347,,,,,,,,0.986497163772583
18349,,,,,,,,0.98642897605896
18351,,,,,,,,0.986219704151154
18353,,,,,,,,0.986219704151154
18355,,,,,,,,0.985719680786133
18357,,,,,,,,0.985274791717529
18359,,,,,,,,0.984971702098846
18361,,,,,,,,0.98478227853775
18363,,,,,,,,0.984783291816711
18365,,,,,,,,0.984682977199554
18367,,,,,,,,0.984707951545715
18369,,,,,,,,0.985155284404755
18371,,,,,,,,0.985671937465668
18373,,,,,,,,0.9859778881073
18375,,,,,,,,0.986228108406067
18377,,,,,,,,0.98651647567749
18379,,,,,,,,0.986589133739471
18381,,,,,,,,0.986592352390289
18383,,,,,,,,0.98650062084198
18385,,,,,,,,0.98629629611969
18387,,,,,,,,0.986160457134247
18389,,,,,,,,0.985790133476257
18391,,,,,,,,0.98546439409256
18393,,,,,,,,0.98546439409256
18395,,,,,,,,0.985740065574646
18397,,,,,,,,0.985943078994751
18399,,,,,,,,0.986164033412933
18401,,,,,,,,0.986550033092499
18403,,,,,,,,0.98726236820221
18405,,,,,,,,0.988004505634308
18407,,,,,,,,0.98822695016861
18409,,,,,,,,0.987697958946228
18411,,,,,,,,0.986698627471924
18413,,,,,,,,0.985545575618744
18415,,,,,,,,0.984806478023529
18417,,,,,,,,0.9843710064888
18419,,,,,,,,0.984093248844147
18421,,,,,,,,0.983862459659576
18423,,,,,,,,0.983439981937408
18425,,,,,,,,0.983181536197662
18427,,,,,,,,0.983291506767273
18429,,,,,,,,0.98354035615921
18431,,,,,,,,0.983872950077057
18433,,,,,,,,0.984499990940094
18435,,,,,,,,0.985143184661865
18437,,,,,,,,0.985289514064789
18439,,,,,,,,0.985367953777313
18441,,,,,,,,0.985823214054108
18443,,,,,,,,0.986571490764618
18445,,,,,,,,0.986984848976135
18447,,,,,,,,0.986889123916626
18449,,,,,,,,0.986665666103363
18451,,,,,,,,0.986633539199829
18453,,,,,,,,0.986857295036316
18455,,,,,,,,0.986873805522919
18457,,,,,,,,0.986621677875519
18459,,,,,,,,0.985933840274811
18461,,,,,,,,0.985024154186249
18464,,,,,,,,0.98430073261261
18465,,,,,,,,0.98430073261261
18467,,,,,,,,0.984367549419403
18469,,,,,,,,0.984656929969788
18471,,,,,,,,0.984900832176209
18473,,,,,,,,0.985190451145172
18475,,,,,,,,0.985576808452606
18477,,,,,,,,0.985569894313812
18479,,,,,,,,0.985385894775391
18481,,,,,,,,0.985769152641296
18483,,,,,,,,0.986567735671997
18485,,,,,,,,0.987181782722473
18487,,,,,,,,0.987462818622589
18489,,,,,,,,0.987320840358734
18491,,,,,,,,0.987096011638641
18493,,,,,,,,0.987086415290833
18495,,,,,,,,0.986629486083984
18497,,,,,,,,0.985767662525177
18499,,,,,,,,0.985098958015442
18501,,,,,,,,0.98474133014679
18503,,,,,,,,0.984701633453369
18505,,,,,,,,0.984735667705536
18507,,,,,,,,0.984685003757477
18509,,,,,,,,0.984838545322418
18511,,,,,,,,0.985222458839417
18513,,,,,,,,0.985655069351196
18515,,,,,,,,0.986028373241425
18517,,,,,,,,0.986386239528656
18519,,,,,,,,0.986589848995209
18521,,,,,,,,0.986370027065277
18523,,,,,,,,0.986136972904205
18525,,,,,,,,0.986167430877686
18527,,,,,,,,0.986118137836456
18529,,,,,,,,0.985877454280853
18531,,,,,,,,0.985625088214874
18533,,,,,,,,0.985688090324402
18535,,,,,,,,0.985878765583038
18537,,,,,,,,0.985798299312592
18539,,,,,,,,0.985446035861969
18541,,,,,,,,0.985157907009125
18543,,,,,,,,0.985121965408325
18545,,,,,,,,0.985033273696899
18547,,,,,,,,0.98473984003067
18549,,,,,,,,0.984550595283508
18551,,,,,,,,0.984807133674622
18553,,,,,,,,0.985199570655823
18555,,,,,,,,0.985670506954193
18557,,,,,,,,0.986293494701386
18559,,,,,,,,0.986671805381775
18561,,,,,,,,0.986943304538727
18563,,,,,,,,0.987342476844788
18565,,,,,,,,0.987727880477905
18567,,,,,,,,0.987684667110443
18569,,,,,,,,0.987156510353088
18571,,,,,,,,0.986643970012665
18573,,,,,,,,0.986586689949036
18575,,,,,,,,0.986617565155029
18577,,,,,,,,0.986337900161743
18579,,,,,,,,0.986023604869843
18581,,,,,,,,0.985952377319336
18583,,,,,,,,0.9861199259758
18585,,,,,,,,0.986498236656189
18587,,,,,,,,0.986822903156281
18589,,,,,,,,0.986884295940399
18591,,,,,,,,0.986806929111481
18593,,,,,,,,0.986776113510132
18595,,,,,,,,0.986737549304962
18597,,,,,,,,0.986448585987091
18599,,,,,,,,0.985954403877258
18601,,,,,,,,0.985610663890839
18603,,,,,,,,0.985581874847412
18605,,,,,,,,0.985356628894806
18607,,,,,,,,0.984892666339874
18609,,,,,,,,0.984260499477387
18611,,,,,,,,0.983950316905975
18613,,,,,,,,0.984348297119141
18615,,,,,,,,0.985152065753937
